<products>
<product>
<id>1</id>
<name>Laptop</name>
<category>Electronics</category>
<price>800</price>
</product>
<product>
<id>2</id>
<name>Camera</name>
<category>Electronics</category>
<price>400</price>
</product>
<product>
<id>3</id>
<name>Chair</name>
<category>Furniture</category>
<price>150</price>
</product>
<product>
<id>4</id>
<name>Bookshelf</name>
<category>Furniture</category>
<price>200</price>
</product>
<product>
<id>5</id>
<name>Headphones</name>
<category>Electronics</category>
<price>50</price>
</product>
</products>